,country,year,F,M,GDP,expenditure_per_student(%GDP),e_a_percentage(%),gender_wage_gap(%),F_percentage
0,Algeria,2010,93.0,143.0,161207268655.392,,,,39.40677966101695
1,Algeria,2011,117.0,173.0,200019057307.655,,,,40.3448275862069
2,Algeria,2012,199.0,259.0,209058991952.125,,,,43.44978165938865
3,Algeria,2013,227.0,293.0,209755003250.664,,,,43.65384615384615
4,Algeria,2014,151.0,215.0,213810022462.428,,,,41.2568306010929
5,Algeria,2015,209.0,251.0,165874330876.321,,,,45.43478260869565
6,Algeria,2016,85.0,83.0,159049096745.249,,,,50.595238095238095
7,Argentina,2010,3849.0,4333.0,423627422092.49,13.68048,,-0.61,47.04228794915669
8,Argentina,2011,4068.0,4401.0,530163281574.658,14.20816,,0.0,48.034006376195535
9,Argentina,2012,4580.0,4923.0,545982375701.128,14.56387,,-1.9,48.19530674523835
10,Argentina,2013,4486.0,5000.0,552025140252.246,14.38084,,1.45,47.29074425469113
11,Argentina,2014,3769.0,4336.0,526319673731.638,14.38654,,-3.62,46.50215916101172
12,Argentina,2015,3587.0,3929.0,584711485367.267,15.64309,,,47.724853645556145
13,Argentina,2016,2132.0,2079.0,545476103427.247,15.2222,,,50.62930420327714
14,Armenia,2010,39.0,40.0,9260284937.79782,,,,49.36708860759494
15,Armenia,2011,47.0,70.0,10142111334.4961,,90.36633301,,40.17094017094017
16,Armenia,2012,60.0,90.0,10619320048.5857,10.78627,,,40.0
17,Armenia,2013,49.0,80.0,11121465767.4067,10.98089,,,37.98449612403101
18,Armenia,2014,45.0,42.0,11609512939.7543,,,,51.724137931034484
19,Armenia,2015,64.0,56.0,10553337672.9872,10.994,92.04399109,,53.333333333333336
20,Armenia,2016,34.0,25.0,10572298341.5618,11.27122,,,57.6271186440678
21,Australia,2010,22827.0,35172.0,1142876772659.21,22.33566,70.60215759,,39.357575130605696
22,Australia,2011,25822.0,38790.0,1390557034407.97,19.96941,72.63812256,,39.96471243731815
23,Australia,2012,28103.0,42128.0,1538194473087.23,18.14095,75.00211334,,40.015093050077596
24,Australia,2013,33662.0,49459.0,1567178619062.28,18.65626,70.11968231,,40.49758785385161
25,Australia,2014,30860.0,44961.0,1459597906912.7,18.24146,70.97588348,,40.70112501813482
26,Australia,2015,25689.0,36801.0,1345383143356.35,18.78482,73.38115692,,41.10897743638982
27,Australia,2016,14302.0,20157.0,1204616439828.41,19.30184,74.57206726,,41.50439652920863
28,Austria,2010,5866.0,13123.0,391892746544.69,24.90171,69.24990845,23.95,30.891568802991205
29,Austria,2011,7074.0,14554.0,431120310088.82,24.58211,69.06929016,,32.707601257629
30,Austria,2012,7243.0,15065.0,409425234155.263,21.34553,69.83296967,,32.468172852788236
31,Austria,2013,7762.0,15286.0,430068712971.867,22.85994,70.52879333,,33.67754251995835
32,Austria,2014,7458.0,15476.0,441885415805.825,22.59552,71.60852051,22.22,32.51940350571204
33,Austria,2015,6913.0,13670.0,382065930307.978,23.20446,72.46685028,,33.585969003546616
34,Austria,2016,3644.0,6833.0,390799991147.468,23.48041,73.119133,,34.78094874486972
35,Azerbaijan,2010,3.0,11.0,52902703376.1056,,85.52372742,,21.428571428571427
36,Azerbaijan,2011,9.0,22.0,65951627200.2026,,85.55645752,,29.03225806451613
37,Azerbaijan,2012,13.0,32.0,69684317718.9409,,85.51673889,,28.888888888888886
38,Azerbaijan,2013,14.0,27.0,74164435946.4627,,85.48600006,,34.146341463414636
39,Azerbaijan,2014,12.0,39.0,75244166772.9185,,85.45317078,,23.52941176470588
40,Azerbaijan,2015,25.0,56.0,53074370486.0433,,85.36663818,,30.864197530864196
41,Azerbaijan,2016,21.0,35.0,37847715736.0406,,85.36392975,,37.5
42,Bangladesh,2010,129.0,289.0,115279077465.226,,,,30.861244019138756
43,Bangladesh,2011,111.0,298.0,128637938711.386,,18.42023087,,27.139364303178482
44,Bangladesh,2012,147.0,422.0,133355749482.478,,19.0687809,,25.83479789103691
45,Bangladesh,2013,215.0,517.0,149990451022.29,,16.98806953,,29.37158469945355
46,Bangladesh,2014,164.0,471.0,172885454931.453,,18.90774918,,25.826771653543307
47,Bangladesh,2015,97.0,296.0,195078665827.565,,23.72273064,,24.681933842239186
48,Bangladesh,2016,47.0,203.0,221415162445.648,,23.88591957,,18.8
49,Belarus,2010,52.0,70.0,57222490768.7143,,,,42.62295081967213
50,Belarus,2011,47.0,51.0,61757788944.7236,,,,47.95918367346938
51,Belarus,2012,60.0,76.0,65685102554.8759,,,,44.11764705882353
52,Belarus,2013,44.0,66.0,75527984234.2342,,,,40.0
53,Belarus,2014,47.0,87.0,78813839984.3506,,,,35.07462686567165
54,Belarus,2015,77.0,73.0,56454734396.5842,,,,51.33333333333333
55,Belarus,2016,15.0,19.0,47407217531.162,,,,44.11764705882353
56,Belgium,2010,7074.0,13450.0,483548031197.108,,59.75291061,10.2,34.46696550380043
57,Belgium,2011,7668.0,14083.0,527008453886.929,,60.88570023,,35.25355156084778
58,Belgium,2012,8711.0,15428.0,497884216568.867,,61.55744171,,36.086830440366214
59,Belgium,2013,9658.0,17027.0,520925468952.938,22.5828,62.83454895,,36.192617575416904
60,Belgium,2014,8356.0,14929.0,531075861047.287,22.22876,62.29653168,6.54,35.88576336697445
61,Belgium,2015,7659.0,13042.0,455200045095.643,22.03343,64.6968689,,36.99821264673204
62,Belgium,2016,4234.0,6909.0,467955709817.539,21.87767,65.41165161,,37.996948757067216
63,Benin,2010,15.0,50.0,6970240895.49888,13.66952,,,23.076923076923077
64,Benin,2011,31.0,50.0,7814081155.64988,,,,38.2716049382716
65,Benin,2012,29.0,87.0,8152554487.31321,12.18628,,,25.0
66,Benin,2013,46.0,146.0,9156748441.42175,11.04903,,,23.958333333333336
67,Benin,2014,37.0,111.0,9707432015.61441,10.19757,,,25.0
68,Benin,2015,21.0,57.0,8290986804.45245,10.25321,,,26.923076923076923
69,Benin,2016,11.0,36.0,8583031398.21675,,,,23.404255319148938
70,Bermuda,2010,1.0,,5744414000.0,11.96799,80.3045578,,
71,Bermuda,2011,1.0,4.0,5550771000.0,,,,20.0
72,Bermuda,2012,8.0,2.0,5537537000.0,,,,80.0
73,Bermuda,2013,9.0,5.0,5573710000.0,,,,64.28571428571429
74,Bermuda,2014,4.0,4.0,,8.46154,,,50.0
75,Bermuda,2015,10.0,7.0,,8.05056,,,58.82352941176471
76,Bermuda,2016,3.0,2.0,,,89.28925323,,60.0
77,Bolivia,2010,13.0,31.0,19649631308.1648,,,,29.545454545454547
78,Bolivia,2011,33.0,47.0,23963033443.8518,,,10.22,41.25
79,Bolivia,2012,25.0,53.0,27084497539.7974,,39.48965836,10.81,32.05128205128205
80,Bolivia,2013,39.0,56.0,30659338929.0883,,,12.14,41.05263157894737
81,Bolivia,2014,35.0,62.0,32996187988.4226,,,6.18,36.08247422680412
82,Bolivia,2015,46.0,68.0,33000198263.3864,,49.53615952,,40.35087719298245
83,Bolivia,2016,32.0,36.0,33806395513.7482,,,,47.05882352941176
84,Bosnia and Herzegovina,2010,293.0,332.0,17176781336.7644,,27.90863037,,46.88
85,Bosnia and Herzegovina,2011,250.0,291.0,18644723860.9709,,29.41062927,,46.21072088724584
86,Bosnia and Herzegovina,2012,203.0,266.0,17226849297.07,,,,43.28358208955223
87,Bosnia and Herzegovina,2013,343.0,306.0,18178503835.4491,,,,52.85053929121726
88,Bosnia and Herzegovina,2014,249.0,248.0,18558343508.3435,,47.51023102,,50.10060362173038
89,Bosnia and Herzegovina,2015,293.0,300.0,16209702863.6235,,49.68053818,,49.4097807757167
90,Bosnia and Herzegovina,2016,139.0,133.0,16910277133.6463,,50.92340088,,51.10294117647059
91,Botswana,2010,27.0,49.0,12786654365.8738,,,,35.526315789473685
92,Botswana,2011,20.0,54.0,15682926895.9668,,,,27.027027027027028
93,Botswana,2012,57.0,69.0,14686278707.4589,,,,45.23809523809524
94,Botswana,2013,34.0,72.0,14915780538.6724,,,,32.075471698113205
95,Botswana,2014,59.0,96.0,16259445052.5565,,,,38.064516129032256
96,Botswana,2015,34.0,74.0,14430573505.3797,,,,31.48148148148148
97,Botswana,2016,23.0,48.0,15581137273.7728,,,,32.3943661971831
98,Brazil,2010,24091.0,26472.0,2208871646202.82,20.5004,37.59228897,,47.64551154005894
99,Brazil,2011,28174.0,29378.0,2616201578192.25,20.12935,40.94276047,18.02,48.95398943564081
100,Brazil,2012,31810.0,32563.0,2465188674415.03,19.54553,42.24362946,16.39,49.41512746027061
101,Brazil,2013,34481.0,35653.0,2472806919901.67,19.66313,43.80120087,16.89,49.16445661162916
102,Brazil,2014,32032.0,32808.0,2455993200170.0,19.45078,44.56811142,15.97,49.40160394818013
103,Brazil,2015,30884.0,31987.0,1803652649613.75,20.05496,45.73279953,,49.122807017543856
104,Brazil,2016,18193.0,19392.0,1796186586414.45,,46.83102036,,48.40494878275908
105,Brunei,2010,5.0,14.0,,,,,26.31578947368421
106,Brunei,2011,5.0,16.0,,,,,23.809523809523807
107,Brunei,2012,12.0,29.0,,,,,29.268292682926827
108,Brunei,2013,9.0,42.0,,,,,17.647058823529413
109,Brunei,2014,13.0,30.0,,,,2.74,30.23255813953488
110,Brunei,2015,14.0,36.0,,,,,28.000000000000004
111,Brunei,2016,18.0,29.0,,,,,38.297872340425535
112,Bulgaria,2010,263.0,249.0,50610031135.7791,21.49743,67.95796967,,51.3671875
113,Bulgaria,2011,260.0,294.0,57418391041.5926,18.98909,68.86869812,,46.931407942238266
114,Bulgaria,2012,362.0,333.0,53903028252.2996,18.88574,70.56198883,,52.0863309352518
115,Bulgaria,2013,347.0,315.0,55758744571.1183,22.99728,72.14990997,,52.416918429003026
116,Bulgaria,2014,364.0,374.0,56732006512.0065,,72.51281738,12.66,49.32249322493225
117,Bulgaria,2015,311.0,278.0,50199117547.0415,,73.65844727,,52.801358234295414
118,Bulgaria,2016,180.0,115.0,53237882472.7108,,74.33252716,,61.016949152542374
119,Burkina Faso,2010,61.0,164.0,8979966766.07232,18.11396,,,27.111111111111114
120,Burkina Faso,2011,63.0,223.0,10724063457.8326,20.47988,,,22.02797202797203
121,Burkina Faso,2012,133.0,315.0,11166063466.5623,17.37351,,,29.6875
122,Burkina Faso,2013,94.0,204.0,11947176341.9966,19.01221,,,31.543624161073826
123,Burkina Faso,2014,82.0,245.0,12377391462.6377,20.22056,1.571920037,,25.076452599388375
124,Burkina Faso,2015,113.0,359.0,10419303761.3524,16.13029,,,23.940677966101696
125,Burkina Faso,2016,60.0,161.0,11693235542.0671,,,,27.149321266968325
126,Cameroon,2010,103.0,235.0,26143818509.6421,5.92604,11.47700977,,30.473372781065088
127,Cameroon,2011,130.0,339.0,29337006833.0825,5.27591,,,27.718550106609808
128,Cameroon,2012,136.0,330.0,29104437355.0395,5.44964,,,29.184549356223176
129,Cameroon,2013,154.0,371.0,32348149947.3727,,,,29.333333333333332
130,Cameroon,2014,155.0,306.0,34942948737.3967,,,,33.622559652928416
131,Cameroon,2015,134.0,270.0,30916218544.4404,,,,33.16831683168317
132,Cameroon,2016,39.0,92.0,32217497470.489,,,,29.770992366412212
133,Canada,2010,34081.0,55824.0,1613464422811.13,,,,37.90779155775541
134,Canada,2011,36226.0,57755.0,1788647906047.76,,82.74050903,,38.546089103116586
135,Canada,2012,39917.0,62813.0,1824288757447.57,,,,38.85622505597197
136,Canada,2013,43039.0,67390.0,1842628005830.18,,,,38.97436361825245
137,Canada,2014,44523.0,70025.0,1792883225804.38,,,,38.86842197157524
138,Canada,2015,41449.0,65603.0,1552807652015.37,17.56737,,,38.71856667787617
139,Canada,2016,24922.0,38730.0,1529760492201.35,,84.88738251,,39.153522277383274
140,Chile,2010,1960.0,3373.0,218537551220.071,14.57257,51.98443985,,36.75229701856366
141,Chile,2011,2411.0,4027.0,252251992029.442,15.01703,49.68201065,16.15,37.449518484001246
142,Chile,2012,2432.0,4343.0,267122320056.702,16.77241,,,35.89667896678967
143,Chile,2013,2839.0,4692.0,278384332694.313,15.78767,52.88145065,20.55,37.69751693002257
144,Chile,2014,2060.0,3682.0,260990299051.116,14.18282,,,35.876001393242774
145,Chile,2015,2034.0,3489.0,242517905161.664,15.18748,55.97417068,,36.82781097229766
146,Chile,2016,1162.0,1918.0,247027912574.35,18.29521,,,37.72727272727273
147,China,2010,29095.0,36731.0,6100620488867.55,,19.19593048,,44.19986023759609
148,China,2011,36944.0,46073.0,7572553836875.34,,,,44.501728561619906
149,China,2012,46707.0,56408.0,8560547314679.28,,,,45.296028705813896
150,China,2013,56969.0,68542.0,9607224481532.65,,,,45.38964712256296
151,China,2014,58512.0,66077.0,10482372109961.9,,,,46.964017690165264
152,China,2015,58631.0,64673.0,11064666282625.5,,,,47.549957827807695
153,China,2016,34900.0,37751.0,11199145157649.2,,,,48.03787972636302
154,Colombia,2010,820.0,1235.0,287018179193.923,15.46718,39.43362045,3.92,39.90267639902677
155,Colombia,2011,862.0,1276.0,335415162155.574,14.75523,40.66207123,-2.08,40.31805425631431
156,Colombia,2012,1022.0,1536.0,369659697842.885,14.86019,41.80089951,4.87,39.95308835027365
157,Colombia,2013,987.0,1623.0,380191876348.93,16.59328,43.94371033,0.63,37.81609195402299
158,Colombia,2014,1050.0,1581.0,378195707612.393,17.04063,45.30955887,2.99,39.908779931584945
159,Colombia,2015,1020.0,1676.0,291519596338.693,17.41694,46.13774109,0.34,37.833827893175076
160,Colombia,2016,474.0,935.0,282462551366.878,17.44523,48.19701004,,33.64088005677785
161,Costa Rica,2010,63.0,83.0,37268635287.0856,24.44369,36.02391052,,43.15068493150685
162,Costa Rica,2011,75.0,90.0,42262697840.385,23.20475,37.03173065,,45.45454545454545
163,Costa Rica,2012,51.0,83.0,46473128285.5589,24.78822,38.08473969,,38.059701492537314
164,Costa Rica,2013,83.0,105.0,49745088111.6953,24.75781,,,44.148936170212764
165,Costa Rica,2014,72.0,90.0,50656002895.8763,25.14192,40.52893829,,44.44444444444444
166,Costa Rica,2015,55.0,97.0,54840103850.265,26.71543,38.90164948,,36.18421052631579
167,Costa Rica,2016,44.0,58.0,57435507212.256,24.86943,39.21971893,,43.13725490196079
168,Croatia,2010,1936.0,1693.0,59665427464.5326,,,,53.34802976026454
169,Croatia,2011,1824.0,1789.0,62236751773.0497,,63.19985962,,50.48436202601716
170,Croatia,2012,2389.0,2289.0,56485301967.4205,,,,51.06883283454467
171,Croatia,2013,2054.0,2193.0,57769872074.883,,,,48.363550741700024
172,Croatia,2014,1673.0,1645.0,57080369367.8021,,,,50.42194092827004
173,Croatia,2015,1449.0,1480.0,48921877447.764,,,,49.47080914988051
174,Croatia,2016,859.0,654.0,50714957390.5378,,,,56.774619960343685
175,Cuba,2010,410.0,521.0,64328000000.0,49.06773,,,44.038668098818476
176,Cuba,2011,603.0,748.0,68990000000.0,,,,44.63360473723168
177,Cuba,2012,526.0,659.0,73141000000.0,,57.14484024,,44.38818565400844
178,Cuba,2013,745.0,786.0,77148000000.0,,,,48.66100587851078
179,Cuba,2014,479.0,494.0,80656100000.0,,,,49.22918807810894
180,Cuba,2015,258.0,273.0,87132800000.0,,,,48.58757062146893
181,Cuba,2016,128.0,124.0,,,,,50.79365079365079
182,Cyprus,2010,110.0,230.0,25562251655.6291,30.88,62.33678055,16.84,32.35294117647059
183,Cyprus,2011,133.0,234.0,27427161523.4918,32.1672,65.14479828,,36.23978201634878
184,Cyprus,2012,149.0,244.0,25041372221.5084,,66.59145355,,37.913486005089055
185,Cyprus,2013,162.0,275.0,24084572490.7063,31.53895,67.75092316,,37.07093821510298
186,Cyprus,2014,202.0,313.0,23359294148.8656,32.09534,68.05570984,14.15,39.22330097087379
187,Cyprus,2015,145.0,316.0,19676167239.6584,32.18788,67.40992737,,31.453362255965295
188,Cyprus,2016,87.0,145.0,20047013274.3363,31.88086,69.71608734,,37.5
189,Czech Republic,2010,3039.0,5613.0,207477857918.919,14.86288,82.57946777,,35.124826629681
190,Czech Republic,2011,3522.0,6188.0,227948349666.354,15.40649,83.22711182,,36.27188465499485
191,Czech Republic,2012,3860.0,6738.0,207376427020.815,15.70228,83.67134857,,36.42196640875637
192,Czech Republic,2013,4182.0,7154.0,209402444996.104,15.33593,84.72689819,,36.891319689484824
193,Czech Republic,2014,3719.0,6624.0,207818330723.835,15.10781,85.24960327,,35.956685681137
194,Czech Republic,2015,3201.0,5795.0,186829940545.759,14.94718,85.57823944,,35.582481102712315
195,Czech Republic,2016,2040.0,3408.0,195305084919.138,13.8679,86.35616302,,37.44493392070485
196,Denmark,2010,7191.0,14273.0,321995350346.501,27.88253,70.54398346,,33.50260901975401
197,Denmark,2011,8590.0,16319.0,344003209695.606,21.68502,72.17089844,,34.485527319442774
198,Denmark,2012,9417.0,17625.0,327148899962.146,25.61737,75.5357132,,34.82360772132239
199,Denmark,2013,10786.0,18925.0,343584385594.132,25.37714,76.50208282,,36.303052741408905
200,Denmark,2014,9827.0,17484.0,352993633221.281,25.05246,76.33721161,15.96,35.98183881952327
201,Denmark,2015,8953.0,15286.0,301298464861.385,,77.80963135,,36.93634225834399
202,Denmark,2016,5065.0,8662.0,306899653409.601,,78.81062317,,36.89808406789539
203,Ecuador,2010,73.0,133.0,69555367000.0,10.36507,34.60858917,4.55,35.43689320388349
204,Ecuador,2011,64.0,144.0,79276664000.0,11.06979,35.34043884,12.5,30.76923076923077
205,Ecuador,2012,51.0,151.0,87924544000.0,10.71402,37.20888901,7.69,25.247524752475247
206,Ecuador,2013,88.0,197.0,95129659000.0,11.7664,38.23783875,10.34,30.87719298245614
207,Ecuador,2014,109.0,235.0,101726331000.0,10.30478,37.85905838,12.9,31.686046511627907
208,Ecuador,2015,109.0,253.0,99290381000.0,9.43166,41.90071869,,30.11049723756906
209,Ecuador,2016,65.0,135.0,98613972000.0,9.51098,42.01919174,-2.8,32.5
210,Egypt,2010,1933.0,2979.0,,,,,39.35260586319218
211,Egypt,2011,2215.0,3205.0,,,,,40.867158671586715
212,Egypt,2012,2616.0,3187.0,,,,,45.080130966741336
213,Egypt,2013,2857.0,3853.0,,,,,42.578241430700444
214,Egypt,2014,2843.0,3580.0,,,,,44.26280554258135
215,Egypt,2015,3262.0,4387.0,,,,,42.64609752908877
216,Egypt,2016,2358.0,2683.0,,,,,46.77643324737155
217,Estonia,2010,524.0,447.0,19490936349.1753,24.79584,88.43148041,,53.96498455200825
218,Estonia,2011,487.0,526.0,23170239900.7654,22.2866,88.51316071,,48.07502467917078
219,Estonia,2012,547.0,559.0,23043864510.0543,22.53824,88.89034271,,49.45750452079566
220,Estonia,2013,662.0,697.0,25137153149.4377,25.87764,90.5177002,,48.712288447387785
221,Estonia,2014,542.0,621.0,26224622450.8302,22.38644,89.88041687,28.16,46.603611349957006
222,Estonia,2015,505.0,480.0,22566956982.229,19.99539,89.50962067,,51.26903553299492
223,Estonia,2016,285.0,274.0,23337907618.5174,20.29085,89.89105988,,50.98389982110913
224,Ethiopia,2010,44.0,230.0,29933790334.3418,7.98136,,,16.05839416058394
225,Ethiopia,2011,57.0,250.0,31952763089.33,8.91555,5.659920216,,18.566775244299674
226,Ethiopia,2012,74.0,378.0,43310721414.0829,8.44536,,,16.371681415929203
227,Ethiopia,2013,133.0,525.0,47648211133.2183,,,,20.212765957446805
228,Ethiopia,2014,103.0,521.0,55612228233.5179,8.50257,,,16.506410256410255
229,Ethiopia,2015,118.0,502.0,64464547915.2698,7.87686,,,19.032258064516128
230,Ethiopia,2016,44.0,238.0,72374224249.3997,,,,15.602836879432624
231,Finland,2010,7019.0,9728.0,247799815768.477,20.12141,70.60957336,20.29,41.911984235982565
232,Finland,2011,6842.0,9478.0,273674236772.815,20.22268,71.4727478,,41.924019607843135
233,Finland,2012,7596.0,9962.0,256706466091.089,20.60201,72.33901215,,43.262330561567374
234,Finland,2013,7502.0,10031.0,269980111642.898,20.71923,73.26728058,17.63,42.787885701249074
235,Finland,2014,6609.0,8961.0,272609288689.575,21.13702,74.10980225,16.93,42.447013487475914
236,Finland,2015,5604.0,7510.0,232439324529.645,21.99535,74.71755981,,42.73295714503584
237,Finland,2016,2800.0,3500.0,238502900311.9,21.50883,,16.34,44.44444444444444
238,France,2010,34318.0,55606.0,2646837111794.78,18.15487,58.64776993,15.62,38.1633379298074
239,France,2011,37529.0,60135.0,2862680142625.14,17.91099,59.70383072,,38.42664646133683
240,France,2012,41424.0,64153.0,2681416108537.39,17.49746,60.87873077,,39.235818407418286
241,France,2013,45088.0,68626.0,2808511203185.39,17.71386,63.37651825,,39.650350880278594
242,France,2014,47050.0,72287.0,2849305322684.76,17.68894,65.42056274,15.5,39.426162883263366
243,France,2015,43512.0,66957.0,2433562015516.21,17.53958,66.73282623,,39.38842571219075
244,France,2016,24872.0,38342.0,2465453975282.24,17.3647,66.91603088,,39.34571455690195
245,Gabon,2010,66.0,111.0,14358585195.7591,,,,37.28813559322034
246,Gabon,2011,110.0,218.0,18186479172.7992,4.71526,,,33.53658536585366
247,Gabon,2012,98.0,159.0,17171446922.2104,,,,38.13229571984436
248,Gabon,2013,39.0,67.0,17590745688.6082,,,,36.79245283018868
249,Gabon,2014,30.0,48.0,18179717776.1597,,,,38.46153846153847
250,Gabon,2015,29.0,33.0,14262032470.9041,,,,46.774193548387096
251,Gabon,2016,27.0,39.0,14213558130.1817,,,,40.909090909090914
252,Gambia,2010,111.0,169.0,,,,,39.64285714285714
253,Gambia,2011,54.0,135.0,,,,,28.57142857142857
254,Gambia,2012,65.0,140.0,,,,,31.70731707317073
255,Gambia,2013,39.0,100.0,,,,,28.05755395683453
256,Gambia,2014,32.0,83.0,,,,,27.82608695652174
257,Gambia,2015,23.0,41.0,,,,,35.9375
258,Gambia,2016,18.0,30.0,,,,,37.5
259,Georgia,2010,42.0,27.0,11638536834.4274,,,,60.86956521739131
260,Georgia,2011,46.0,25.0,14434619982.2117,11.08271,,,64.7887323943662
261,Georgia,2012,50.0,40.0,15846474595.773,8.84112,89.82753754,,55.55555555555556
262,Georgia,2013,89.0,63.0,16140047012.1438,,,,58.55263157894737
263,Georgia,2014,169.0,111.0,16509305827.7171,,91.0417099,,60.357142857142854
264,Georgia,2015,157.0,84.0,13993546732.4726,,,,65.14522821576763
265,Georgia,2016,52.0,32.0,14378016729.1587,,93.00176239,,61.904761904761905
266,Germany,2010,38371.0,96548.0,3417094562648.95,17.66182,75.16629028,22.28,28.440026979150453
267,Germany,2011,41872.0,102129.0,3757698281117.55,17.05452,75.96073914,,29.077575850167708
268,Germany,2012,45642.0,106682.0,3543983909148.01,17.32327,76.47673035,,29.963761455844125
269,Germany,2013,47972.0,108991.0,3752513503278.41,17.55396,77.06542969,,30.562616667622304
270,Germany,2014,42790.0,96198.0,3890606893346.69,17.6705,77.93134308,22.29,30.78683051774254
271,Germany,2015,37768.0,84935.0,3375611100742.22,17.50845,78.30451202,,30.780013528601586
272,Germany,2016,20519.0,45036.0,3477796274496.8,17.44257,78.60636902,,31.30043474944703
273,Ghana,2010,86.0,268.0,32174772955.9748,,14.67860031,,24.293785310734464
274,Ghana,2011,159.0,365.0,39566292432.8615,24.35381,,,30.343511450381676
275,Ghana,2012,137.0,424.0,41939728978.7281,17.22794,,,24.420677361853834
276,Ghana,2013,222.0,546.0,47805069494.9081,7.27847,,,28.90625
277,Ghana,2014,237.0,598.0,38616536131.648,6.44452,,,28.38323353293413
278,Ghana,2015,218.0,622.0,37543361203.5609,,,,25.952380952380956
279,Ghana,2016,142.0,439.0,42689783733.873,,,,24.440619621342513
280,Greece,2010,3549.0,8332.0,299361576558.217,,51.42052078,15.07,29.871222961030213
281,Greece,2011,3802.0,8435.0,287797822093.178,,,,31.069706627441366
282,Greece,2012,3657.0,8088.0,245670666639.047,,,,31.136653895274584
283,Greece,2013,4119.0,8461.0,239862011450.103,,,,32.74244833068363
284,Greece,2014,3085.0,6573.0,237029579260.722,,55.10840988,,31.94243114516463
285,Greece,2015,2630.0,5554.0,195541761243.144,20.20131,56.92037964,,32.13587487781036
286,Greece,2016,1527.0,3074.0,192690813126.86,20.26908,52.40942001,,33.18843729623995
287,Guadeloupe,2010,24.0,49.0,,,,,32.87671232876712
288,Guadeloupe,2011,20.0,34.0,,,,,37.03703703703704
289,Guadeloupe,2012,42.0,62.0,,,,,40.38461538461539
290,Guadeloupe,2013,46.0,68.0,,,,,40.35087719298245
291,Guadeloupe,2014,72.0,100.0,,,,,41.86046511627907
292,Guadeloupe,2015,52.0,76.0,,,,,40.625
293,Guadeloupe,2016,41.0,53.0,,,,,43.61702127659575
294,Guatemala,2010,6.0,13.0,41338595380.8159,8.58592,,,31.57894736842105
295,Guatemala,2011,22.0,21.0,47654841112.8523,9.31297,,5.71,51.162790697674424
296,Guatemala,2012,43.0,59.0,50388454861.1111,9.8154,15.59136963,,42.15686274509804
297,Guatemala,2013,57.0,59.0,53851058955.2999,9.3497,18.09446907,,49.137931034482754
298,Guatemala,2014,28.0,39.0,58722323918.1604,9.51939,27.38647079,0.68,41.7910447761194
299,Guatemala,2015,31.0,37.0,63767597193.9175,10.06501,,,45.588235294117645
300,Guatemala,2016,23.0,26.0,68763255963.8943,11.08353,,,46.93877551020408
301,Haiti,2010,13.0,18.0,6622541528.56888,,,,41.935483870967744
302,Haiti,2011,3.0,6.0,7516834160.25277,,,,33.33333333333333
303,Haiti,2012,11.0,16.0,7890216507.68913,,,,40.74074074074074
304,Haiti,2013,48.0,52.0,8452509315.87722,,,,48.0
305,Haiti,2014,35.0,31.0,8776360623.29898,,,,53.03030303030303
306,Haiti,2015,21.0,28.0,8724656126.49849,,,,42.857142857142854
307,Haiti,2016,7.0,3.0,8022638721.92013,,,,70.0
308,Hong Kong,2010,1129.0,1604.0,,,,,41.30991584339554
309,Hong Kong,2011,1240.0,1766.0,,,,,41.250831669993346
310,Hong Kong,2012,1290.0,1777.0,,,,,42.06064558200195
311,Hong Kong,2013,1404.0,1880.0,,,,,42.752740560292324
312,Hong Kong,2014,1513.0,1903.0,,,,,44.29156908665106
313,Hong Kong,2015,1131.0,1576.0,,,,,41.78056889545623
314,Hong Kong,2016,740.0,964.0,,,,,43.42723004694836
315,Hungary,2010,1930.0,3100.0,130922638689.071,21.93123,71.74565887,,38.36978131212724
316,Hungary,2011,2059.0,3217.0,140782064609.187,19.13186,72.93431854,,39.02577710386657
317,Hungary,2012,2157.0,3377.0,127856647107.82,18.73372,74.12619781,,38.97723165883629
318,Hungary,2013,2224.0,3530.0,135215704418.963,22.00597,75.08721924,,38.65137295794231
319,Hungary,2014,2233.0,3574.0,140118140454.711,14.54597,69.83586884,15.12,38.4535904942311
320,Hungary,2015,1947.0,3021.0,122879042001.915,18.67208,71.06913757,,39.190821256038646
321,Hungary,2016,1079.0,1541.0,125816640420.569,19.06479,71.94582367,,41.18320610687023
322,Iceland,2010,306.0,500.0,13254818331.1893,24.3018,,,37.96526054590571
323,Iceland,2011,347.0,512.0,14674650434.6757,24.88264,,,40.39580908032596
324,Iceland,2012,356.0,562.0,14218575093.024,23.35429,,,38.77995642701525
325,Iceland,2013,362.0,564.0,15479256844.8708,23.30171,,,39.09287257019439
326,Iceland,2014,294.0,297.0,17178962757.4324,24.10316,,16.55,49.746192893401016
327,Iceland,2015,239.0,350.0,16783714958.4498,22.79978,,,40.57724957555178
328,Iceland,2016,120.0,159.0,20047413006.3471,22.10298,,,43.01075268817204
329,India,2010,9323.0,22148.0,1656617073124.21,7.49038,,,29.624098376282927
330,India,2011,12245.0,27668.0,1823049927771.46,9.0303,19.4339695,,30.679227319419738
331,India,2012,15574.0,36045.0,1827637859135.7,9.40785,,,30.171061043414248
332,India,2013,18535.0,42796.0,1856722121394.53,9.79172,,,30.221258417439795
333,India,2014,20869.0,46036.0,2035393459979.46,,,,31.191988640609818
334,India,2015,20349.0,43718.0,2089865410867.82,,,,31.76206159177111
335,India,2016,13456.0,29249.0,2263792499341.01,,,,31.509190961245753
336,Indonesia,2010,1130.0,1700.0,755094160363.071,9.96239,,,39.92932862190813
337,Indonesia,2011,1152.0,1673.0,892969107923.094,,25.16081047,,40.7787610619469
338,Indonesia,2012,1401.0,1907.0,917869910105.749,11.48465,,,42.35187424425635
339,Indonesia,2013,1476.0,1760.0,912524136718.018,11.92782,,,45.611866501854145
340,Indonesia,2014,1448.0,1909.0,890814755233.225,12.27912,27.37406921,,43.133750372356275
341,Indonesia,2015,1254.0,1583.0,861256351277.359,13.28127,28.52519035,,44.20162143108918
342,Indonesia,2016,754.0,900.0,932259177765.307,,29.78112984,,45.58645707376058
343,Iran,2010,3277.0,8633.0,,,,,27.51469353484467
344,Iran,2011,4894.0,10924.0,,,,,30.93943608547225
345,Iran,2012,7189.0,15812.0,,,,,31.25516281900787
346,Iran,2013,10726.0,22595.0,,,,,32.18991026679872
347,Iran,2014,12553.0,25262.0,,,,,33.195821763850326
348,Iran,2015,12678.0,25105.0,,,,,33.55477331074822
349,Iran,2016,8100.0,15529.0,,,,,34.279910279740996
350,Ireland,2010,3208.0,5366.0,221951353966.878,19.21821,68.29998779,13.87,37.415442034056454
351,Ireland,2011,3549.0,6151.0,239018540057.01,18.73773,68.75215912,,36.58762886597938
352,Ireland,2012,4118.0,6717.0,225571857948.338,18.54038,,,38.00646054453161
353,Ireland,2013,4293.0,6500.0,239389337002.814,16.66697,,,39.77578059853609
354,Ireland,2014,4271.0,6644.0,258099015103.504,15.34303,,13.93,39.12963811268896
355,Ireland,2015,3836.0,5946.0,290617006703.972,11.83086,,,39.214884481701084
356,Ireland,2016,2313.0,3317.0,304819020500.641,11.84396,,,41.08348134991119
357,Israel,2010,6370.0,10548.0,233609522091.468,21.54325,77.76080322,,37.65220475233479
358,Israel,2011,6761.0,11209.0,261628548084.179,22.40658,78.6815033,,37.62381747356706
359,Israel,2012,7152.0,11675.0,257296579579.346,20.73424,79.87161255,,37.98799596324427
360,Israel,2013,6949.0,11658.0,292489185194.417,20.8717,80.44249725,,37.34616004729403
361,Israel,2014,5984.0,8955.0,308416982140.362,20.69993,81.0696106,15.52,40.05622866323047
362,Israel,2015,5047.0,7836.0,299096404728.826,21.34266,81.29625702,15.1,39.17565784366995
363,Israel,2016,2738.0,4308.0,317744784695.1,21.53058,,,38.85892705080897
364,Italy,2010,43591.0,63064.0,2125058244242.92,22.83465,44.10441971,5.26,40.87103276920913
365,Italy,2011,46623.0,67261.0,2276292404600.52,21.51857,45.01588058,,40.939025675248494
366,Italy,2012,53386.0,75298.0,2072823157059.76,20.41177,46.29790878,,41.486121040688815
367,Italy,2013,57771.0,80772.0,2130491320658.68,21.38818,,,41.69896710768498
368,Italy,2014,51349.0,68746.0,2151732868243.21,21.20796,47.57204819,6.12,42.756984054290356
369,Italy,2015,45039.0,60474.0,1832347450961.51,21.73441,48.22383118,,42.685735407011464
370,Italy,2016,25117.0,33374.0,1858913163927.72,19.52238,,,42.94164914260313
371,Ivory Coast,2010,12.0,38.0,,,,,24.0
372,Ivory Coast,2011,33.0,75.0,,,,,30.555555555555557
373,Ivory Coast,2012,18.0,36.0,,,,,33.33333333333333
374,Ivory Coast,2013,24.0,44.0,,,,,35.294117647058826
375,Ivory Coast,2014,27.0,63.0,,,,,30.0
376,Ivory Coast,2015,33.0,48.0,,,,,40.74074074074074
377,Ivory Coast,2016,15.0,45.0,,,,,25.0
378,Japan,2010,25416.0,106917.0,5700098114744.41,,79.08035278,,19.206093718120197
379,Japan,2011,27830.0,117493.0,6157459594823.72,,,,19.150444182957962
380,Japan,2012,29523.0,122000.0,6203213121334.12,,,,19.484170719956705
381,Japan,2013,30510.0,124148.0,5155717056270.83,22.97133,,,19.727398518020404
382,Japan,2014,30021.0,123673.0,4848733415523.53,22.54562,,,19.5329681054563
383,Japan,2015,27456.0,117042.0,4383076298081.86,,,,19.000955030519453
384,Japan,2016,16523.0,70123.0,4940158776617.16,21.78104,,,19.069547353599706
385,Kazakhstan,2010,4.0,12.0,148047348240.643,,,,25.0
386,Kazakhstan,2011,11.0,13.0,192626507971.584,,,,45.83333333333333
387,Kazakhstan,2012,20.0,22.0,207998568865.789,,,,47.61904761904761
388,Kazakhstan,2013,35.0,30.0,236634552078.102,,,,53.84615384615385
389,Kazakhstan,2014,27.0,37.0,221415572819.5,,,,42.1875
390,Kazakhstan,2015,90.0,95.0,184388432148.715,,,,48.64864864864865
391,Kazakhstan,2016,33.0,13.0,137278320084.171,,,,71.73913043478261
392,Kenya,2010,307.0,584.0,39999659233.7555,,18.00119972,,34.45566778900112
393,Kenya,2011,369.0,653.0,41953433591.4101,,,,36.10567514677104
394,Kenya,2012,438.0,780.0,50412754821.9795,10.09882,,,35.960591133004925
395,Kenya,2013,483.0,836.0,55097343447.5616,,,,36.61865049279757
396,Kenya,2014,425.0,656.0,61445345999.0765,10.63254,,,39.3154486586494
397,Kenya,2015,274.0,504.0,63767539356.6051,10.95105,,,35.2185089974293
398,Kenya,2016,143.0,243.0,70529014778.3251,,,,37.04663212435233
399,Latvia,2010,118.0,65.0,23757368290.0955,26.70617,87.50482178,,64.48087431693989
400,Latvia,2011,163.0,96.0,28223552824.7508,24.71599,87.13751221,,62.93436293436293
401,Latvia,2012,130.0,94.0,28119996053.2511,33.09911,88.27220917,,58.03571428571429
402,Latvia,2013,173.0,122.0,30314363218.6773,36.91353,89.01799774,,58.644067796610166
403,Latvia,2014,148.0,121.0,31419072947.902,27.32363,90.19210815,17.38,55.01858736059479
404,Latvia,2015,118.0,131.0,27009231911.4428,26.76693,90.56108093,,47.389558232931726
405,Latvia,2016,91.0,59.0,27572698481.8766,24.50426,90.50361633,,60.66666666666667
406,Lithuania,2010,464.0,440.0,37120517693.8622,22.40099,78.11884308,,51.32743362831859
407,Lithuania,2011,552.0,556.0,43476878139.2577,20.44285,79.10549164,,49.81949458483754
408,Lithuania,2012,602.0,569.0,42847900765.8065,19.70147,79.20188141,,51.40905209222887
409,Lithuania,2013,592.0,635.0,46473646001.5672,19.15043,80.10089111,,48.24775876120619
410,Lithuania,2014,670.0,704.0,48545251795.561,18.47169,81.47216797,13.29,48.7627365356623
411,Lithuania,2015,733.0,731.0,41402022148.2053,18.59952,82.83072662,,50.068306010928964
412,Lithuania,2016,383.0,337.0,42738875963.3703,19.49595,84.68383026,,53.19444444444444
413,Luxembourg,2010,147.0,270.0,53212476812.2957,24.25985,71.17001343,8.7,35.25179856115108
414,Luxembourg,2011,167.0,328.0,60004630234.4135,24.55558,71.09181213,,33.73737373737374
415,Luxembourg,2012,173.0,344.0,56677961787.0717,20.95312,72.59700775,,33.46228239845261
416,Luxembourg,2013,263.0,475.0,61739352212.3049,19.57115,75.47170258,,35.636856368563684
417,Luxembourg,2014,307.0,515.0,66327344188.889,19.45288,75.72759247,5.38,37.34793187347932
418,Luxembourg,2015,258.0,460.0,57784495265.4378,19.6895,68.17269135,,35.93314763231198
419,Luxembourg,2016,150.0,270.0,58631324559.4484,,,,35.714285714285715
420,Madagascar,2010,44.0,71.0,8729936135.74487,,,,38.26086956521739
421,Madagascar,2011,27.0,52.0,9892702357.56691,6.61123,,,34.177215189873415
422,Madagascar,2012,39.0,70.0,9919780071.28764,6.56652,,,35.77981651376147
423,Madagascar,2013,21.0,53.0,10601690871.7611,,,,28.37837837837838
424,Madagascar,2014,26.0,30.0,10673516672.6664,,,,46.42857142857143
425,Madagascar,2015,11.0,21.0,9744243420.48073,,,,34.375
426,Madagascar,2016,9.0,22.0,10001193420.1518,,,,29.03225806451613
427,Malawi,2010,111.0,238.0,6959697194.02096,5.0869,,,31.805157593123205
428,Malawi,2011,89.0,174.0,8003300198.30166,5.86816,,,33.840304182509506
429,Malawi,2012,207.0,271.0,6028470988.53624,,,,43.30543933054393
430,Malawi,2013,83.0,158.0,5518901971.40057,7.75208,,,34.439834024896264
431,Malawi,2014,110.0,168.0,6054750320.3278,9.25883,,,39.568345323741006
432,Malawi,2015,101.0,200.0,6373201160.03248,9.55053,,,33.5548172757475
433,Malawi,2016,53.0,86.0,5433038646.51677,8.15872,,,38.1294964028777
434,Malaysia,2010,880.0,1675.0,255016609232.871,12.38303,49.72505188,,34.44227005870842
435,Malaysia,2011,1813.0,2977.0,297951960784.314,14.92751,,-0.86,37.849686847599166
436,Malaysia,2012,2107.0,3691.0,314443149443.149,17.28464,,-2.57,36.340117281821314
437,Malaysia,2013,2651.0,4438.0,323277158906.979,15.99801,,-3.19,37.3959655804768
438,Malaysia,2014,2761.0,4571.0,338061963396.376,15.79552,,-1.43,37.65684669939989
439,Malaysia,2015,2364.0,3921.0,296434003328.639,16.07894,,-2.25,37.61336515513127
440,Malaysia,2016,1454.0,2212.0,296535930381.12,16.12796,58.60863876,,39.661756683033275
441,Malta,2010,48.0,58.0,8741059602.64901,23.18217,22.0639801,7.23,45.28301886792453
442,Malta,2011,37.0,86.0,9504797627.39878,19.93646,23.42814064,,30.081300813008134
443,Malta,2012,64.0,143.0,9203729739.42371,26.36405,28.28424072,,30.917874396135264
444,Malta,2013,73.0,120.0,10145944323.6938,28.51388,32.09751129,,37.82383419689119
445,Malta,2014,63.0,116.0,11217780149.3338,27.11666,34.09584045,10.19,35.19553072625698
446,Malta,2015,71.0,162.0,10285547954.0777,22.83451,35.45584869,,30.472103004291846
447,Malta,2016,42.0,59.0,10999047580.3881,,37.02981949,,41.584158415841586
448,Mexico,2010,2642.0,4264.0,1051128603513.77,14.20939,28.11001968,3.13,38.256588473790906
449,Mexico,2011,3214.0,5048.0,1171187519660.64,14.04204,,,38.90099249576374
450,Mexico,2012,3311.0,5237.0,1186598324461.82,13.90573,32.1964798,13.98,38.73420683200749
451,Mexico,2013,3833.0,5706.0,1261981728468.52,14.2666,30.63772964,,40.1824090575532
452,Mexico,2014,4004.0,6549.0,1298461494903.14,14.25357,31.05079079,6.65,37.941817492656114
453,Mexico,2015,4591.0,7138.0,1152263780657.86,14.4207,32.15211868,,39.142296871003495
454,Mexico,2016,2368.0,3946.0,1046922702460.87,13.78185,32.29883957,,37.50395945517897
455,Morocco,2010,248.0,407.0,93216746661.5977,17.88267,,,37.86259541984733
456,Morocco,2011,355.0,573.0,101370474295.109,18.03287,,,38.25431034482759
457,Morocco,2012,489.0,752.0,98266306615.3632,18.9148,,,39.40370668815471
458,Morocco,2013,470.0,695.0,106825649872.108,19.49905,,,40.343347639484975
459,Morocco,2014,568.0,999.0,110081248587.369,,,,36.24760689215061
460,Morocco,2015,573.0,1237.0,101187079462.942,,,,31.65745856353591
461,Morocco,2016,276.0,612.0,103606321692.582,,,,31.08108108108108
462,Mozambique,2010,46.0,61.0,10154238250.1818,,,,42.99065420560748
463,Mozambique,2011,53.0,58.0,13131168011.807,,3.040380001,,47.74774774774775
464,Mozambique,2012,27.0,47.0,14534278446.3087,14.6371,,,36.486486486486484
465,Mozambique,2013,61.0,80.0,16018848990.669,14.6503,,,43.262411347517734
466,Mozambique,2014,40.0,49.0,16961127045.8266,,,,44.9438202247191
467,Mozambique,2015,59.0,77.0,14798439527.2541,,7.794109821,,43.38235294117647
468,Mozambique,2016,34.0,33.0,11014858591.8422,,,,50.74626865671642
469,Netherlands,2010,19214.0,39108.0,836389937229.197,,62.28010178,17.45,32.944686396214124
470,Netherlands,2011,21602.0,41252.0,893757287201.688,,62.58362961,,34.36853660864861
471,Netherlands,2012,24517.0,44320.0,828946812396.788,,63.18119812,,35.616020454116246
472,Netherlands,2013,26042.0,44967.0,866680000367.264,,65.25077057,,36.674224394090885
473,Netherlands,2014,21046.0,35142.0,879635084124.987,,65.25852966,16.07,37.45639638356945
474,Netherlands,2015,18394.0,29297.0,757999453314.269,16.84558,65.48419952,,38.56912205657252
475,Netherlands,2016,9509.0,15260.0,777227541581.307,16.66924,66.23136902,,38.390730348419396
476,New Zealand,2010,3084.0,4799.0,146580949348.893,,,,39.122161613598884
477,New Zealand,2011,3565.0,5444.0,168461998741.295,,65.60907745,,39.571539571539574
478,New Zealand,2012,3926.0,6000.0,176192886551.397,,66.77687836,,39.55268990529922
479,New Zealand,2013,3953.0,6205.0,190521142196.379,19.41374,,,38.915140775743254
480,New Zealand,2014,4183.0,6895.0,200696291789.952,18.17504,67.11054993,,37.75952337967142
481,New Zealand,2015,4133.0,6533.0,175562976175.285,18.34146,67.50229645,,38.749296831051936
482,New Zealand,2016,2632.0,3897.0,184969146624.47,20.32099,68.31899261,,40.31245213662123
483,Nigeria,2010,356.0,977.0,369062464570.387,,,,26.70667666916729
484,Nigeria,2011,396.0,1052.0,411743801711.642,,,,27.348066298342545
485,Nigeria,2012,558.0,1432.0,460953836444.364,,,,28.04020100502513
486,Nigeria,2013,544.0,1430.0,514966287206.505,,,,27.558257345491388
487,Nigeria,2014,633.0,1561.0,568498937588.035,,,,28.8514129443938
488,Nigeria,2015,442.0,1412.0,481066152889.094,,,,23.8403451995685
489,Nigeria,2016,346.0,907.0,404652720164.859,,,,27.613727055067837
490,Norway,2010,5451.0,9201.0,429130952709.224,20.7242,74.0922699,,37.203112203112205
491,Norway,2011,5887.0,9807.0,498831558925.86,19.57995,74.77977753,,37.51115075825156
492,Norway,2012,6507.0,10308.0,510229136226.902,19.2561,,,38.697591436217664
493,Norway,2013,6893.0,10474.0,523502127659.574,19.93863,,,39.69021707836702
494,Norway,2014,6284.0,9196.0,499338534779.159,19.93082,76.29541016,14.45,40.594315245478036
495,Norway,2015,5106.0,7744.0,386663139402.707,21.50107,76.8911972,,39.735408560311285
496,Norway,2016,2800.0,3815.0,371076190476.19,21.70425,77.40596008,,42.32804232804233
497,Pakistan,2010,863.0,1736.0,177406854514.885,,14.90841961,,33.20507887649096
498,Pakistan,2011,1098.0,2194.0,213587413183.996,,14.2362299,,33.35358444714459
499,Pakistan,2012,1252.0,2590.0,224383620829.57,,18.68638039,,32.58719416970328
500,Pakistan,2013,1379.0,2642.0,231218567178.979,8.40863,19.33267975,,34.294951504600846
501,Pakistan,2014,1169.0,2333.0,244360888750.807,8.52796,20.97232056,,33.38092518560822
502,Pakistan,2015,1330.0,2543.0,270556126820.064,8.09756,,,34.340304673379805
503,Pakistan,2016,937.0,1724.0,278913371202.065,,20.97232056,10.81,35.212326193160465
504,Panama,2010,45.0,96.0,28917200000.0,,45.81954956,0.0,31.914893617021278
505,Panama,2011,55.0,106.0,34373820500.0,6.25014,,-2.86,34.161490683229815
506,Panama,2012,51.0,106.0,39954761200.0,,,2.44,32.48407643312102
507,Panama,2013,94.0,160.0,44856189500.0,,,-2.44,37.00787401574803
508,Panama,2014,42.0,88.0,49165773100.0,,,4.44,32.30769230769231
509,Panama,2015,73.0,90.0,52132289700.0,,,,44.785276073619634
510,Panama,2016,32.0,66.0,55187700000.0,,,,32.6530612244898
511,Papua New Guinea,2010,8.0,14.0,14250726289.854,,,,36.36363636363637
512,Papua New Guinea,2011,11.0,24.0,17984816533.1084,,,,31.428571428571427
513,Papua New Guinea,2012,8.0,33.0,21295834133.2309,,,,19.51219512195122
514,Papua New Guinea,2013,30.0,62.0,21261305413.2323,,,,32.608695652173914
515,Papua New Guinea,2014,34.0,37.0,23003575201.1051,,,,47.88732394366197
516,Papua New Guinea,2015,29.0,69.0,21060901603.8145,,,,29.591836734693878
517,Papua New Guinea,2016,10.0,26.0,20213214171.7204,,,,27.77777777777778
518,Peru,2010,215.0,447.0,147528937028.778,8.81718,47.64096069,23.81,32.477341389728096
519,Peru,2011,205.0,448.0,171761737046.585,8.24434,48.83427048,22.06,31.393568147013784
520,Peru,2012,211.0,409.0,192648999090.082,9.07666,51.19224167,25.33,34.03225806451613
521,Peru,2013,335.0,707.0,201217661645.509,10.99138,51.94190979,21.33,32.149712092130514
522,Peru,2014,391.0,751.0,201049665375.132,12.22761,50.64619064,20.51,34.23817863397548
523,Peru,2015,388.0,815.0,189212096470.293,12.56451,51.46775055,,32.252701579384876
524,Peru,2016,195.0,404.0,192207342004.681,11.48576,,,32.5542570951586
525,Philippines,2010,104.0,130.0,199590775190.258,,57.02119827,,44.44444444444444
526,Philippines,2011,195.0,225.0,224143083706.777,,,,46.42857142857143
527,Philippines,2012,156.0,188.0,250092093547.532,,,,45.348837209302324
528,Philippines,2013,202.0,262.0,271836123723.678,,60.11275101,,43.53448275862069
529,Philippines,2014,186.0,240.0,284584522898.872,,,,43.66197183098591
530,Philippines,2015,254.0,252.0,292774099013.687,,,,50.19762845849802
531,Philippines,2016,191.0,168.0,304905406845.291,,,,53.2033426183844
532,Poland,2010,6539.0,7713.0,479257883741.752,26.77388,77.79814148,,45.881279820376086
533,Poland,2011,7836.0,8894.0,528725113045.826,25.70863,78.65525055,,46.83801554094441
534,Poland,2012,10611.0,11477.0,500284003684.372,25.82864,79.25402069,,48.03965954364361
535,Poland,2013,12197.0,12987.0,524201151607.188,26.41847,80.14282227,,48.43154383735705
536,Poland,2014,12246.0,13375.0,545075908845.995,25.9964,80.84674835,7.73,47.79672924554077
537,Poland,2015,13560.0,13852.0,477279647754.701,23.84992,,,49.467386546038234
538,Poland,2016,7889.0,7632.0,471364408713.956,23.08263,82.54199982,,50.827910572772375
539,Portugal,2010,6629.0,6768.0,238303443425.21,21.00495,26.9902401,7.64,49.48122714040456
540,Portugal,2011,7599.0,7704.0,244895101712.451,20.76488,29.09342003,9.58,49.6569300137228
541,Portugal,2012,9962.0,9501.0,216368178659.447,20.89649,31.3992691,8.8,51.1842984123722
542,Portugal,2013,10807.0,10947.0,226073492966.495,23.85649,33.47777176,10.34,49.67822009745334
543,Portugal,2014,9960.0,9370.0,229629822121.601,23.83291,35.96907043,,51.526125193998965
544,Portugal,2015,9357.0,8306.0,199420256049.689,22.50957,36.70116043,9.59,52.975145784974245
545,Portugal,2016,4768.0,4236.0,204836597909.466,,38.0721817,8.54,52.95424255886273
546,Puerto Rico,2010,232.0,316.0,98381268000.0,,,,42.33576642335766
547,Puerto Rico,2011,243.0,332.0,100351670000.0,,71.77881622,,42.26086956521739
548,Puerto Rico,2012,232.0,344.0,101080738000.0,,71.99340057,,40.27777777777778
549,Puerto Rico,2013,307.0,411.0,103134778000.0,19.32814,,,42.757660167130915
550,Puerto Rico,2014,124.0,194.0,,18.54029,,,38.9937106918239
551,Puerto Rico,2015,111.0,174.0,,,,,38.94736842105263
552,Puerto Rico,2016,87.0,128.0,,,,,40.46511627906977
553,Reunion Island,2010,35.0,44.0,,,,,44.303797468354425
554,Reunion Island,2011,16.0,28.0,,,,,36.36363636363637
555,Reunion Island,2012,27.0,46.0,,,,,36.986301369863014
556,Reunion Island,2013,14.0,27.0,,,,,34.146341463414636
557,Reunion Island,2014,48.0,94.0,,,,,33.80281690140845
558,Reunion Island,2015,33.0,75.0,,,,,30.555555555555557
559,Reunion Island,2016,24.0,51.0,,,,,32.0
560,Romania,2010,1462.0,853.0,167998080493.408,13.78714,57.89403915,,63.15334773218143
561,Romania,2011,1941.0,997.0,185362855081.021,11.79305,58.94766998,,66.06535057862492
562,Romania,2012,1578.0,988.0,171664638717.49,11.08503,60.17256165,,61.496492595479346
563,Romania,2013,2112.0,1231.0,191549024910.604,10.62756,60.90525055,,63.176787316781336
564,Romania,2014,2179.0,1653.0,199493490982.921,9.01498,57.86238861,4.5,56.863256784968684
565,Romania,2015,3036.0,2442.0,177911101680.106,8.65312,59.3979187,,55.42168674698795
566,Romania,2016,1478.0,1113.0,187592037839.968,7.82649,61.29822159,6.61,57.043612504824395
567,Russia,2010,1760.0,2733.0,,,,,39.17204540396172
568,Russia,2011,1948.0,3350.0,,,,,36.7685919214798
569,Russia,2012,2240.0,3566.0,,,,,38.58077850499483
570,Russia,2013,2807.0,4610.0,,,,,37.845490090333016
571,Russia,2014,3545.0,5696.0,,,,,38.36164917216752
572,Russia,2015,3936.0,5930.0,,,,24.42,39.894587472126496
573,Russia,2016,2115.0,3075.0,,,,,40.7514450867052
574,Rwanda,2010,18.0,20.0,5774003744.2708,7.64487,,,47.368421052631575
575,Rwanda,2011,57.0,64.0,6491683831.5094,6.33984,,,47.107438016528924
576,Rwanda,2012,115.0,109.0,7315702176.36442,7.22609,6.432290077,,51.33928571428571
577,Rwanda,2013,119.0,134.0,7622526429.08839,6.54429,,,47.03557312252965
578,Rwanda,2014,63.0,86.0,8016288347.03577,,6.522689819,,42.281879194630875
579,Rwanda,2015,66.0,101.0,8261034257.63248,5.54209,,,39.52095808383233
580,Rwanda,2016,30.0,58.0,8376048904.58291,5.47035,,,34.090909090909086
581,Saint Lucia,2010,18.0,47.0,,,,,27.692307692307693
582,Saint Lucia,2011,6.0,14.0,,,,,30.0
583,Saint Lucia,2012,8.0,25.0,,,,,24.242424242424242
584,Saint Lucia,2013,,7.0,,,,,
585,Saint Lucia,2014,17.0,31.0,,,,,35.41666666666667
586,Saint Lucia,2015,8.0,15.0,,,,,34.78260869565217
587,Saint Lucia,2016,,3.0,,,,,
588,Saudi Arabia,2010,561.0,2226.0,528207200000.0,,,,20.129171151776106
589,Saudi Arabia,2011,892.0,3010.0,671238840106.667,,,,22.860071758072785
590,Saudi Arabia,2012,1132.0,3912.0,735974843360.0,,,,22.44250594766059
591,Saudi Arabia,2013,1442.0,4989.0,746647127413.333,,45.65668869,,22.422640335873115
592,Saudi Arabia,2014,1448.0,5339.0,756350347333.334,,,,21.33490496537498
593,Saudi Arabia,2015,1460.0,5285.0,651757333333.333,,,,21.645663454410673
594,Saudi Arabia,2016,891.0,3065.0,646438380560.0,,,,22.522750252780586
595,Senegal,2010,97.0,175.0,12948906288.5576,16.7507,,,35.661764705882355
596,Senegal,2011,96.0,236.0,14390776643.965,14.63009,3.255049944,,28.915662650602407
597,Senegal,2012,83.0,197.0,14225310518.7856,14.49724,,,29.642857142857142
598,Senegal,2013,167.0,390.0,14851057084.776,15.07399,5.191949844,,29.982046678635548
599,Senegal,2014,122.0,322.0,15304363138.1804,14.66828,,,27.47747747747748
600,Senegal,2015,123.0,376.0,13640668374.1652,13.74234,,,24.649298597194388
601,Senegal,2016,100.0,213.0,14683697630.9,11.80185,,,31.948881789137378
602,Serbia,2010,2095.0,1629.0,39460357730.5224,51.10212,56.25775909,,56.25671321160043
603,Serbia,2011,2211.0,2105.0,46466728666.6103,48.06522,60.69945908,,51.22798887859129
604,Serbia,2012,3239.0,2724.0,40742313861.1374,,,,54.31829615965118
605,Serbia,2013,3775.0,3123.0,45519650911.4138,,60.37232971,,54.72600753841693
606,Serbia,2014,2950.0,2357.0,44210806365.6817,,62.42111969,8.72,55.58696061805163
607,Serbia,2015,2427.0,1983.0,37160332465.1645,43.65488,65.20007324,,55.034013605442176
608,Serbia,2016,1461.0,1027.0,38299854688.1277,,65.83400726,,58.72186495176849
609,Sierra Leone,2010,5.0,5.0,2616610911.07222,,,,50.0
610,Sierra Leone,2011,11.0,23.0,2942546781.04548,7.70711,,,32.35294117647059
611,Sierra Leone,2012,11.0,14.0,3801862611.36414,7.625,,,44.0
612,Sierra Leone,2013,5.0,7.0,4920343194.99339,6.14009,,,41.66666666666667
613,Sierra Leone,2014,19.0,24.0,5015180976.63457,,,,44.18604651162791
614,Sierra Leone,2015,48.0,67.0,4251869869.50755,,,,41.73913043478261
615,Sierra Leone,2016,42.0,60.0,3736588553.56394,5.66124,,,41.17647058823529
616,Singapore,2010,2592.0,5145.0,236421782178.218,10.86314,62.53646088,,33.501357115160914
617,Singapore,2011,2981.0,5802.0,275599459373.509,,63.69417191,,33.940567004440396
618,Singapore,2012,3448.0,6729.0,289162118908.538,,64.89906311,,33.88031836494056
619,Singapore,2013,3976.0,7631.0,302510668904.339,,66.00791168,,34.25519083311794
620,Singapore,2014,3485.0,6565.0,308142766948.149,,67.06733704,,34.67661691542288
621,Singapore,2015,3146.0,5689.0,296840704102.415,,68.28350067,,35.608375778155064
622,Singapore,2016,1742.0,3086.0,296975678610.206,,67.8348999,,36.081193040596524
623,Slovakia,2010,797.0,983.0,,,,19.66,44.7752808988764
624,Slovakia,2011,1056.0,1177.0,,,,,47.29064039408867
625,Slovakia,2012,1049.0,1229.0,,,,,46.04916593503073
626,Slovakia,2013,1117.0,1254.0,,,,,47.11092366090257
627,Slovakia,2014,1195.0,1399.0,,,,19.66,46.06784888203547
628,Slovakia,2015,1228.0,1229.0,,,,19.1,49.979649979649984
629,Slovakia,2016,582.0,650.0,,,,,47.24025974025974
630,Slovenia,2010,736.0,1092.0,48013606745.4803,30.41403,72.30023193,0.66,40.26258205689278
631,Slovenia,2011,875.0,1171.0,51290792018.1074,30.00851,73.12242126,,42.7663734115347
632,Slovenia,2012,1061.0,1357.0,46352802765.5763,29.89206,74.52403259,,43.87923904052936
633,Slovenia,2013,1138.0,1594.0,48116256926.0807,28.4376,75.47408295,,41.65446559297219
634,Slovenia,2014,848.0,1132.0,49904928335.3069,27.30189,75.31645966,7.0,42.82828282828282
635,Slovenia,2015,757.0,877.0,43072415017.4321,24.55179,76.82457733,,46.328029375765
636,Slovenia,2016,413.0,515.0,44708598648.8562,23.5703,77.29680634,,44.50431034482759
637,South Africa,2010,1045.0,1551.0,375298134440.469,17.20415,56.05413818,,40.25423728813559
638,South Africa,2011,1225.0,1850.0,416878162440.887,17.6054,57.95431137,,39.83739837398374
639,South Africa,2012,1375.0,2091.0,396332598448.215,19.01025,59.81890869,,39.67109059434507
640,South Africa,2013,1922.0,2719.0,366810014300.222,,,,41.413488472312004
641,South Africa,2014,2757.0,3638.0,351119102947.143,17.8295,62.79687119,,43.111806098514464
642,South Africa,2015,2798.0,3599.0,317610719411.483,,62.79679108,,43.739252774738155
643,South Africa,2016,1702.0,2210.0,295456189492.005,,,,43.50715746421268
644,Korea,2010,12260.0,21569.0,1094499338702.72,,66.22444916,34.27,36.241094918561
645,Korea,2011,13979.0,23656.0,1202463682633.85,,,33.58,37.14361631460077
646,Korea,2012,15823.0,26437.0,1222807284485.31,,,32.69,37.4420255560814
647,Korea,2013,17572.0,28530.0,1305604981271.91,,,32.94,38.11548305930329
648,Korea,2014,17869.0,28113.0,1411333926201.24,,,33.8,38.86085859684224
649,Korea,2015,16889.0,26154.0,1382764027113.82,,70.38450623,34.67,39.237506679367144
650,Korea,2016,10364.0,15260.0,1411245589976.63,27.84732,,33.59,40.44645644708086
651,Spain,2010,20940.0,30135.0,1431616749640.29,21.0723,42.90195847,16.25,40.99853157121879
652,Spain,2011,25149.0,35093.0,1488067258325.2,20.95462,44.23548126,,41.74662195810232
653,Spain,2012,27737.0,38721.0,1336018949805.58,18.2858,44.80638885,18.75,41.73613409973216
654,Spain,2013,29489.0,39514.0,1361854206549.39,17.62613,,18.75,42.73582308015594
655,Spain,2014,28120.0,37947.0,1376910811040.88,17.33387,46.51044083,12.5,42.56285286148909
656,Spain,2015,24837.0,33661.0,1197789902774.43,17.27588,47.33871078,12.5,42.45786180724127
657,Spain,2016,13639.0,17921.0,1237255019653.86,17.11832,48.42082977,,43.21609632446135
658,Sri Lanka,2010,71.0,184.0,56725745039.336,5.06586,,,27.84313725490196
659,Sri Lanka,2011,100.0,243.0,65292741296.5382,5.14725,,,29.154518950437318
660,Sri Lanka,2012,126.0,226.0,68434399083.41,4.16777,,,35.79545454545455
661,Sri Lanka,2013,117.0,218.0,74317806754.5267,4.34115,,,34.92537313432836
662,Sri Lanka,2014,160.0,260.0,79356456990.2891,6.47661,,,38.095238095238095
663,Sri Lanka,2015,120.0,266.0,80611989527.2158,7.43956,,,31.088082901554404
664,Sri Lanka,2016,62.0,97.0,81321876307.2556,14.4145,63.01839066,,38.9937106918239
665,Sudan,2010,22.0,67.0,65634109236.7736,,,,24.719101123595504
666,Sudan,2011,43.0,130.0,67327289319.733,,,,24.85549132947977
667,Sudan,2012,35.0,94.0,68125631150.2939,,,,27.131782945736433
668,Sudan,2013,56.0,152.0,72065940085.772,,,,26.923076923076923
669,Sudan,2014,55.0,134.0,82151588418.8325,,,,29.100529100529098
670,Sudan,2015,37.0,90.0,97156119150.0,,,,29.133858267716533
671,Sudan,2016,48.0,102.0,95584380032.2061,,,,32.0
672,Sweden,2010,11485.0,18760.0,488377689564.921,26.15131,78.08766174,,37.973218713837
673,Sweden,2011,12287.0,19248.0,563109663291.177,25.6905,78.86463165,,38.96305692088156
674,Sweden,2012,13359.0,20901.0,543880647757.404,22.04928,79.64441681,,38.992994746059544
675,Sweden,2013,14242.0,21759.0,578742001487.571,22.22538,72.84468079,,39.56001222188272
676,Sweden,2014,11926.0,17047.0,573817719109.402,21.88263,73.57752228,13.85,41.162461602181345
677,Sweden,2015,9633.0,14271.0,497918109302.399,21.33574,74.32319641,,40.29869477911647
678,Sweden,2016,5220.0,7489.0,514459972806.171,21.74093,75.03083801,,41.0732551734991
679,Switzerland,2010,8218.0,19270.0,583782977866.405,21.89051,76.36852264,,29.896682188591384
680,Switzerland,2011,8919.0,20694.0,699579638638.226,23.32384,76.44882202,,30.118529024414954
681,Switzerland,2012,10416.0,23347.0,668043614122.87,26.95624,77.54548645,,30.85033912863193
682,Switzerland,2013,11348.0,25005.0,688504173431.454,26.87479,,,31.216130718235085
683,Switzerland,2014,9596.0,21713.0,709182559935.301,26.41578,80.64208221,17.38,30.649334057299814
684,Switzerland,2015,8447.0,19235.0,679289166858.236,24.56797,81.62490845,,30.514413698432197
685,Switzerland,2016,4641.0,10548.0,668851296244.236,24.78876,80.70776367,,30.555006912897493
686,Taiwan,2010,860.0,1369.0,,,,,38.58232391206819
687,Taiwan,2011,930.0,1598.0,,,,,36.787974683544306
688,Taiwan,2012,930.0,1625.0,,,,,36.399217221135025
689,Taiwan,2013,950.0,1599.0,,,,,37.2695174578266
690,Taiwan,2014,699.0,1034.0,,,,,40.33467974610502
691,Taiwan,2015,634.0,948.0,,,,,40.07585335018963
692,Taiwan,2016,316.0,436.0,,,,,42.02127659574468
693,Tanzania,2010,134.0,311.0,31407908612.0943,,,,30.112359550561795
694,Tanzania,2011,160.0,312.0,33878631649.4157,,,,33.89830508474576
695,Tanzania,2012,138.0,283.0,39087748240.4403,,2.285880089,,32.779097387173394
696,Tanzania,2013,176.0,362.0,44333456244.744,,,,32.71375464684015
697,Tanzania,2014,269.0,424.0,48197218326.7942,9.52422,,,38.81673881673882
698,Tanzania,2015,168.0,363.0,45628320606.0487,,,,31.63841807909605
699,Tanzania,2016,70.0,140.0,47340071107.343,,,,33.33333333333333
700,Thailand,2010,1709.0,2117.0,341105009515.333,18.36191,26.04380035,,44.66806063774177
701,Thailand,2011,2085.0,2469.0,370818747396.833,32.44923,,,45.78392621870883
702,Thailand,2012,2294.0,2790.0,397559992407.45,27.53315,,,45.1219512195122
703,Thailand,2013,2239.0,2711.0,420528737876.717,23.31561,28.16731071,,45.23232323232323
704,Thailand,2014,1838.0,1973.0,406521561093.357,,,,48.22881133560745
705,Thailand,2015,1886.0,1923.0,399234547137.472,,,,49.514308217379885
706,Thailand,2016,1188.0,1084.0,407026127310.434,,31.90399933,-21.57,52.2887323943662
707,Togo,2010,2.0,14.0,3172945644.5585,10.56538,,,12.5
708,Togo,2011,9.0,19.0,3756023159.96,10.67254,3.036319971,,32.142857142857146
709,Togo,2012,4.0,16.0,3866617462.61854,14.86801,,,20.0
710,Togo,2013,5.0,41.0,4080929201.27925,12.76128,,,10.869565217391305
711,Togo,2014,14.0,27.0,4482880424.33988,14.24541,,,34.146341463414636
712,Togo,2015,8.0,32.0,4087628275.95594,16.09805,,,20.0
713,Togo,2016,4.0,18.0,4399995986.56477,16.16121,,,18.181818181818183
714,Trinidad and Tobago,2010,19.0,68.0,22157948396.2042,,,,21.839080459770116
715,Trinidad and Tobago,2011,37.0,53.0,25433011405.3017,,,,41.11111111111111
716,Trinidad and Tobago,2012,26.0,43.0,25694164489.2373,,,,37.68115942028986
717,Trinidad and Tobago,2013,33.0,63.0,26436159314.5624,,,,34.375
718,Trinidad and Tobago,2014,32.0,90.0,26175952941.9107,,,,26.229508196721312
719,Trinidad and Tobago,2015,18.0,46.0,23559224762.4424,,,,28.125
720,Trinidad and Tobago,2016,21.0,35.0,21894706041.2353,,,,37.5
721,Tunisia,2010,1187.0,1439.0,44050929160.2627,,,,45.201827875095205
722,Tunisia,2011,1531.0,1763.0,45810626509.4474,,,,46.47844565877352
723,Tunisia,2012,1500.0,1632.0,45044112939.3687,,,,47.89272030651341
724,Tunisia,2013,1309.0,1422.0,46251061734.4741,,,,47.93116074697913
725,Tunisia,2014,1139.0,1227.0,47587913058.8443,,,,48.14032121724429
726,Tunisia,2015,1075.0,1120.0,43156708809.1354,,,,48.9749430523918
727,Tunisia,2016,724.0,687.0,42062549394.7859,,,,51.31112686038271
728,Turkey,2010,10563.0,21662.0,771876791231.838,,,,32.7788983708301
729,Turkey,2011,11462.0,23246.0,832546270783.83,,,,33.02408666589835
730,Turkey,2012,12959.0,26286.0,873981786532.072,,,,33.02076697668493
731,Turkey,2013,15025.0,32236.0,950595270314.296,,,,31.79154059372421
732,Turkey,2014,16791.0,34331.0,934167809301.667,,,-1.26,32.84495911740542
733,Turkey,2015,16923.0,36729.0,859794177118.102,,,,31.54216059047193
734,Turkey,2016,10830.0,21072.0,863711710426.514,,,,33.94771487681023
735,United States,2010,272472.0,489871.0,14964372000000.0,22.05341,87.66014862,,35.7413919980901
736,United States,2011,294996.0,513852.0,15517926000000.0,20.85277,88.04637146,,36.471129309833245
737,United States,2012,315486.0,539708.0,16155255000000.0,20.5226,88.03672791,,36.89057687495469
738,United States,2013,329142.0,553557.0,16691517000000.0,19.71867,88.62399292,,37.28813559322034
739,United States,2014,307165.0,525312.0,17393103000000.0,19.7888,88.85883331,,36.89771609305723
740,United States,2015,289872.0,485374.0,18120714000000.0,19.76064,88.75894165,,37.390970092074
741,United States,2016,172876.0,282202.0,18624475000000.0,19.85908,89.59838867,,37.9882130096379
742,Uganda,2010,324.0,615.0,20186496527.1276,4.23554,8.023599625,,34.504792332268366
743,Uganda,2011,414.0,643.0,20176751242.0546,6.91598,,,39.1674550614948
744,Uganda,2012,512.0,810.0,23132149256.9744,5.78683,6.348690033,,38.72919818456884
745,Uganda,2013,519.0,880.0,24599553471.8672,5.16447,,,37.09792709077912
746,Uganda,2014,518.0,894.0,27295207927.5612,5.61796,,,36.68555240793201
747,Uganda,2015,503.0,840.0,27059447774.6626,,,,37.45346239761728
748,Uganda,2016,272.0,486.0,24078931933.4578,,,,35.88390501319261
749,Ukraine,2010,216.0,397.0,136013155905.036,,,,35.23654159869494
750,Ukraine,2011,261.0,495.0,163159671670.265,28.1313,,,34.523809523809526
751,Ukraine,2012,251.0,515.0,175781379051.433,32.38915,,,32.76762402088773
752,Ukraine,2013,247.0,541.0,183310146378.081,32.34896,,,31.34517766497462
753,Ukraine,2014,374.0,643.0,133503411375.739,27.03674,,,36.7748279252704
754,Ukraine,2015,378.0,674.0,91030959454.6961,,,,35.93155893536122
755,Ukraine,2016,250.0,370.0,93270479388.5243,26.25312,,,40.32258064516129
756,United Arab Emirates,2010,126.0,348.0,289880430197.413,,,,26.582278481012654
757,United Arab Emirates,2011,184.0,445.0,350908390034.037,,,,29.252782193958666
758,United Arab Emirates,2012,185.0,520.0,374817974104.833,,,,26.24113475177305
759,United Arab Emirates,2013,289.0,633.0,390427289203.54,,,,31.344902386117134
760,United Arab Emirates,2014,225.0,573.0,403197682886.317,,,,28.195488721804512
761,United Arab Emirates,2015,275.0,536.0,357949199754.935,,,,33.908754623921084
762,United Arab Emirates,2016,155.0,339.0,348743265704.561,,,,31.376518218623485
763,United Kingdom,2010,31861.0,58408.0,2441173394729.62,24.33356,84.54319763,,35.2956164353211
764,United Kingdom,2011,34570.0,63120.0,2619700404733.37,24.67365,84.55143738,,35.38745009724639
765,United Kingdom,2012,38882.0,67592.0,2662085168498.93,,86.41464996,,36.517835340083025
766,United Kingdom,2013,43116.0,72374.0,2739818680930.19,23.14708,72.0295105,,37.333102433111094
767,United Kingdom,2014,35243.0,59325.0,3022827781881.39,23.5778,73.2993927,20.91,37.26736316724473
768,United Kingdom,2015,32108.0,53013.0,2885570309160.86,24.97949,,20.59,37.72042151760435
769,United Kingdom,2016,19987.0,30313.0,2647898654635.24,24.17334,,,39.73558648111332
770,Uruguay,2010,276.0,439.0,40284481661.8726,,29.72973061,12.94,38.6013986013986
771,Uruguay,2011,380.0,534.0,47962439293.3696,12.03765,30.07587051,9.19,41.57549234135667
772,Uruguay,2012,449.0,590.0,51264390121.4144,,30.87052917,8.59,43.214629451395574
773,Uruguay,2013,495.0,641.0,57531233350.9101,,30.59482002,10.01,43.57394366197183
774,Uruguay,2014,528.0,655.0,57236013077.5187,,31.60844994,8.62,44.63229078613694
775,Uruguay,2015,452.0,629.0,53274304214.8174,,32.12842941,,41.81313598519889
776,Uruguay,2016,294.0,360.0,52419720713.7316,12.39083,32.07183075,,44.95412844036697
777,Uzbekistan,2010,7.0,8.0,39332770928.9426,,,,46.666666666666664
778,Uzbekistan,2011,13.0,38.0,45915191189.3237,,,,25.49019607843137
779,Uzbekistan,2012,2.0,13.0,51821573338.1312,,,,13.333333333333334
780,Uzbekistan,2013,12.0,30.0,57690453460.6205,,89.76049805,,28.57142857142857
781,Uzbekistan,2014,7.0,25.0,63067077178.5381,,90.17484283,,21.875
782,Uzbekistan,2015,2.0,8.0,66903804142.5395,,90.30005646,,20.0
783,Uzbekistan,2016,2.0,9.0,67220335569.6147,,91.02838898,,18.181818181818183
784,Venezuela,2010,442.0,482.0,,,,,47.83549783549784
785,Venezuela,2011,345.0,412.0,,,,,45.574636723910174
786,Venezuela,2012,355.0,358.0,,,,,49.78962131837307
787,Venezuela,2013,394.0,413.0,,,,,48.822800495662946
788,Venezuela,2014,284.0,347.0,,,,,45.00792393026941
789,Venezuela,2015,305.0,366.0,,,,,45.45454545454545
790,Venezuela,2016,135.0,218.0,,,,,38.243626062322946
791,Vietnam,2010,136.0,292.0,115931749697.241,19.59413,,,31.775700934579437
792,Vietnam,2011,124.0,281.0,135539438559.709,17.58757,,,30.617283950617285
793,Vietnam,2012,177.0,364.0,155820001920.492,20.85711,,,32.71719038817005
794,Vietnam,2013,239.0,418.0,171222025117.381,21.14295,,,36.37747336377473
795,Vietnam,2014,195.0,332.0,186204652922.262,,,,37.00189753320683
796,Vietnam,2015,188.0,335.0,193241108709.536,,,7.69,35.94646271510516
797,Vietnam,2016,99.0,198.0,205276172134.901,,,10.71,33.33333333333333
798,Zambia,2010,93.0,194.0,20265556273.582,,,,32.40418118466899
799,Zambia,2011,90.0,140.0,23460098339.7453,,,,39.130434782608695
800,Zambia,2012,101.0,168.0,25503370699.2015,,,,37.54646840148699
801,Zambia,2013,108.0,179.0,28045460442.1876,,,,37.63066202090592
802,Zambia,2014,80.0,209.0,27150630607.2032,,,,27.68166089965398
803,Zambia,2015,51.0,133.0,21154394545.895,14.32072,,,27.717391304347828
804,Zambia,2016,27.0,64.0,21063989682.5243,12.91385,,,29.67032967032967
805,Zimbabwe,2010,76.0,129.0,10141859709.6169,,,,37.073170731707314
806,Zimbabwe,2011,64.0,123.0,12098450748.8603,,,,34.22459893048128
807,Zimbabwe,2012,44.0,75.0,14242490252.4289,14.01205,3.938879967,,36.97478991596639
808,Zimbabwe,2013,67.0,95.0,15451768658.5469,14.00009,,,41.358024691358025
809,Zimbabwe,2014,93.0,113.0,15891049235.9908,,12.0021801,,45.14563106796117
810,Zimbabwe,2015,60.0,105.0,16304667807.0657,,,,36.36363636363637
811,Zimbabwe,2016,45.0,62.0,16619960401.9038,,,,42.05607476635514
